feature,importance
tfidf_695,71
text_length,55
tfidf_949,53
tfidf_605,48
tfidf_113,46
tfidf_600,42
tfidf_132,39
tfidf_112,39
word_count,36
tfidf_631,33
tfidf_931,28
tfidf_606,27
tfidf_474,26
tfidf_796,25
tfidf_712,25
tfidf_240,23
tfidf_327,23
tfidf_930,22
tfidf_328,20
tfidf_197,19
tfidf_764,17
tfidf_334,17
tfidf_788,16
tfidf_320,16
tfidf_573,16
tfidf_329,15
tfidf_978,15
tfidf_8,14
tfidf_67,14
tfidf_361,14
tfidf_557,14
tfidf_494,13
tfidf_468,13
tfidf_449,13
tfidf_938,13
tfidf_946,13
tfidf_1,13
tfidf_153,13
tfidf_630,13
tfidf_382,12
tfidf_960,12
tfidf_815,12
tfidf_718,12
tfidf_714,12
tfidf_979,12
tfidf_579,11
tfidf_435,11
tfidf_732,11
tfidf_340,11
tfidf_282,11
tfidf_374,11
tfidf_603,11
tfidf_232,10
tfidf_251,10
tfidf_144,10
tfidf_951,10
tfidf_884,10
tfidf_16,10
tfidf_10,9
tfidf_584,9
tfidf_295,9
tfidf_950,9
tfidf_721,9
tfidf_299,8
tfidf_273,8
tfidf_233,8
tfidf_166,8
tfidf_801,8
tfidf_758,8
tfidf_633,8
tfidf_508,8
tfidf_709,8
tfidf_395,8
tfidf_414,8
tfidf_984,8
tfidf_436,8
tfidf_741,8
tfidf_596,8
tfidf_464,8
tfidf_679,7
tfidf_989,7
tfidf_191,7
tfidf_595,7
tfidf_223,7
tfidf_356,7
tfidf_530,7
tfidf_948,7
tfidf_665,7
tfidf_940,7
tfidf_425,7
tfidf_745,7
tfidf_373,7
tfidf_364,7
tfidf_999,7
has_bullets,7
tfidf_77,7
price_keyword_count,7
tfidf_12,7
tfidf_499,6
tfidf_877,6
tfidf_120,6
tfidf_381,6
tfidf_346,6
tfidf_342,6
tfidf_739,6
tfidf_124,6
tfidf_495,6
tfidf_885,6
tfidf_276,6
tfidf_227,6
tfidf_50,6
tfidf_437,6
tfidf_167,6
tfidf_163,6
tfidf_962,6
tfidf_973,6
tfidf_55,6
tfidf_367,5
tfidf_51,5
tfidf_82,5
tfidf_353,5
tfidf_294,5
tfidf_194,5
tfidf_172,5
tfidf_293,5
tfidf_574,5
tfidf_504,5
tfidf_11,5
tfidf_968,5
tfidf_952,5
tfidf_0,5
tfidf_4,5
tfidf_5,5
tfidf_918,5
tfidf_7,5
tfidf_859,5
tfidf_755,5
tfidf_518,5
tfidf_672,5
tfidf_655,5
tfidf_610,5
tfidf_608,5
tfidf_607,5
tfidf_586,5
tfidf_145,5
tfidf_521,5
tfidf_150,5
tfidf_541,5
tfidf_99,5
tfidf_257,4
tfidf_271,4
tfidf_311,4
tfidf_305,4
tfidf_303,4
tfidf_209,4
tfidf_906,4
tfidf_65,4
tfidf_907,4
tfidf_180,4
tfidf_182,4
tfidf_808,4
tfidf_802,4
tfidf_162,4
tfidf_500,4
tfidf_258,4
tfidf_632,4
tfidf_6,4
tfidf_473,4
tfidf_942,4
tfidf_222,4
tfidf_945,4
tfidf_954,4
tfidf_649,4
tfidf_17,4
tfidf_130,4
tfidf_483,4
tfidf_609,4
tfidf_837,4
tfidf_871,4
tfidf_992,4
tfidf_830,4
tfidf_49,4
has_description,4
tfidf_83,4
tfidf_583,4
tfidf_822,4
tfidf_675,4
tfidf_611,4
tfidf_634,3
tfidf_578,3
tfidf_250,3
tfidf_798,3
tfidf_846,3
tfidf_849,3
tfidf_404,3
tfidf_869,3
tfidf_230,3
tfidf_262,3
tfidf_941,3
tfidf_357,3
tfidf_260,3
tfidf_324,3
tfidf_265,3
tfidf_410,3
tfidf_898,3
tfidf_816,3
tfidf_904,3
tfidf_744,3
tfidf_296,3
tfidf_887,3
tfidf_910,3
tfidf_288,3
tfidf_283,3
tfidf_281,3
tfidf_570,3
tfidf_722,3
tfidf_275,3
tfidf_821,3
tfidf_921,3
tfidf_96,3
tfidf_136,3
tfidf_486,3
tfidf_673,3
tfidf_657,3
tfidf_544,3
tfidf_776,3
tfidf_187,3
tfidf_81,3
tfidf_548,3
tfidf_161,3
tfidf_503,3
tfidf_14,3
tfidf_651,3
tfidf_87,3
tfidf_100,3
tfidf_401,2
tfidf_366,2
tfidf_48,2
tfidf_313,2
tfidf_902,2
tfidf_9,2
tfidf_511,2
tfidf_814,2
tfidf_813,2
tfidf_301,2
tfidf_300,2
tfidf_509,2
tfidf_297,2
tfidf_42,2
tfidf_390,2
tfidf_856,2
tfidf_175,2
tfidf_972,2
tfidf_787,2
tfidf_812,2
tfidf_909,2
tfidf_864,2
tfidf_289,2
tfidf_385,2
tfidf_860,2
tfidf_911,2
tfidf_684,2
tfidf_761,2
tfidf_617,2
tfidf_522,2
tfidf_842,2
tfidf_674,2
tfidf_56,2
tfidf_102,2
tfidf_121,2
tfidf_677,2
tfidf_847,2
tfidf_582,2
tfidf_738,2
tfidf_418,2
tfidf_152,2
tfidf_567,2
tfidf_615,2
tfidf_534,2
tfidf_155,2
tfidf_520,2
tfidf_542,2
tfidf_60,2
tfidf_61,2
tfidf_997,2
tfidf_667,2
tfidf_139,2
tfidf_79,2
tfidf_613,2
tfidf_773,2
tfidf_126,2
tfidf_255,2
tfidf_794,2
tfidf_379,2
tfidf_98,2
tfidf_956,2
tfidf_700,2
tfidf_254,2
tfidf_701,2
tfidf_80,2
tfidf_228,2
tfidf_928,2
tfidf_558,2
tfidf_30,2
tfidf_785,2
tfidf_654,2
tfidf_245,2
tfidf_244,2
tfidf_625,2
tfidf_70,2
tfidf_238,2
tfidf_934,2
tfidf_40,2
tfidf_192,2
tfidf_493,2
tfidf_805,2
tfidf_944,2
tfidf_955,2
tfidf_554,2
tfidf_919,2
tfidf_68,2
tfidf_263,2
tfidf_217,2
tfidf_487,2
tfidf_781,2
tfidf_754,2
tfidf_947,2
tfidf_478,1
tfidf_537,1
tfidf_540,1
tfidf_412,1
tfidf_524,1
tfidf_13,1
tfidf_409,1
tfidf_769,1
tfidf_383,1
tfidf_39,1
tfidf_484,1
tfidf_589,1
tfidf_587,1
tfidf_552,1
tfidf_588,1
tfidf_576,1
tfidf_475,1
tfidf_734,1
tfidf_41,1
tfidf_553,1
tfidf_792,1
tfidf_490,1
tfidf_571,1
tfidf_488,1
tfidf_450,1
tfidf_549,1
tfidf_750,1
tfidf_775,1
tfidf_460,1
tfidf_443,1
tfidf_498,1
tfidf_459,1
tfidf_501,1
tfidf_803,1
tfidf_748,1
tfidf_454,1
tfidf_453,1
tfidf_563,1
tfidf_810,1
tfidf_447,1
tfidf_756,1
tfidf_562,1
tfidf_806,1
tfidf_510,1
tfidf_513,1
tfidf_829,1
tfidf_438,1
tfidf_469,1
tfidf_44,1
tfidf_110,1
tfidf_824,1
tfidf_467,1
tfidf_823,1
tfidf_466,1
tfidf_430,1
tfidf_516,1
tfidf_820,1
tfidf_819,1
tfidf_463,1
tfidf_749,1
tfidf_114,1
tfidf_774,1
tfidf_592,1
tfidf_533,1
tfidf_378,1
tfidf_304,1
tfidf_645,1
tfidf_216,1
tfidf_702,1
tfidf_231,1
tfidf_72,1
tfidf_71,1
tfidf_237,1
tfidf_932,1
tfidf_929,1
tfidf_247,1
tfidf_248,1
tfidf_253,1
tfidf_29,1
tfidf_922,1
tfidf_266,1
tfidf_628,1
tfidf_862,1
tfidf_270,1
tfidf_272,1
tfidf_24,1
tfidf_280,1
tfidf_66,1
tfidf_914,1
tfidf_913,1
tfidf_623,1
tfidf_908,1
tfidf_64,1
tfidf_211,1
tfidf_210,1
tfidf_647,1
tfidf_177,1
tfidf_996,1
tfidf_146,1
tfidf_991,1
tfidf_149,1
tfidf_680,1
tfidf_987,1
tfidf_985,1
tfidf_983,1
tfidf_982,1
tfidf_980,1
tfidf_168,1
tfidf_170,1
tfidf_971,1
tfidf_693,1
tfidf_181,1
tfidf_658,1
tfidf_967,1
tfidf_186,1
tfidf_188,1
tfidf_656,1
tfidf_190,1
tfidf_75,1
tfidf_964,1
tfidf_652,1
tfidf_199,1
tfidf_958,1
tfidf_302,1
tfidf_269,1
tfidf_94,1
tfidf_333,1
tfidf_372,1
tfidf_903,1
tfidf_873,1
tfidf_370,1
tfidf_883,1
tfidf_31,1
tfidf_866,1
tfidf_359,1
tfidf_341,1
tfidf_368,1
tfidf_119,1
tfidf_724,1
tfidf_601,1
tfidf_365,1
tfidf_723,1
tfidf_598,1
tfidf_36,1
tfidf_616,1
tfidf_727,1
tfidf_330,1
tfidf_104,1
tfidf_363,1
tfidf_362,1
tfidf_354,1
tfidf_360,1
tfidf_355,1
tfidf_331,1
tfidf_318,1
tfidf_375,1
tfidf_316,1
tfidf_23,1
tfidf_376,1
tfidf_689,0
tfidf_690,0
tfidf_735,0
tfidf_711,0
tfidf_757,0
tfidf_688,0
tfidf_687,0
tfidf_760,0
tfidf_730,0
tfidf_26,0
tfidf_759,0
tfidf_15,0
tfidf_731,0
tfidf_729,0
tfidf_681,0
tfidf_682,0
tfidf_728,0
tfidf_683,0
tfidf_685,0
tfidf_19,0
tfidf_686,0
tfidf_733,0
tfidf_736,0
tfidf_694,0
tfidf_737,0
tfidf_691,0
tfidf_720,0
tfidf_719,0
tfidf_706,0
tfidf_742,0
tfidf_743,0
tfidf_707,0
tfidf_717,0
tfidf_708,0
tfidf_716,0
tfidf_747,0
tfidf_710,0
tfidf_715,0
tfidf_22,0
tfidf_746,0
tfidf_713,0
tfidf_705,0
tfidf_704,0
tfidf_703,0
tfidf_696,0
tfidf_692,0
tfidf_753,0
tfidf_726,0
tfidf_752,0
tfidf_725,0
tfidf_25,0
tfidf_697,0
tfidf_18,0
tfidf_698,0
tfidf_699,0
tfidf_751,0
tfidf_101,0
tfidf_740,0
tfidf_20,0
tfidf_21,0
tfidf_840,0
tfidf_762,0
tfidf_926,0
tfidf_917,0
tfidf_93,0
tfidf_920,0
tfidf_923,0
tfidf_924,0
tfidf_925,0
tfidf_927,0
tfidf_915,0
tfidf_92,0
tfidf_933,0
tfidf_935,0
tfidf_936,0
tfidf_937,0
tfidf_91,0
tfidf_916,0
tfidf_912,0
tfidf_3,0
tfidf_893,0
tfidf_886,0
tfidf_888,0
tfidf_889,0
tfidf_890,0
tfidf_891,0
tfidf_892,0
tfidf_894,0
tfidf_905,0
tfidf_895,0
tfidf_896,0
tfidf_897,0
tfidf_899,0
tfidf_900,0
tfidf_901,0
tfidf_939,0
tfidf_943,0
tfidf_763,0
tfidf_986,0
tfidf_975,0
tfidf_976,0
tfidf_977,0
has_value,0
tfidf_84,0
tfidf_981,0
tfidf_988,0
tfidf_85,0
description_length,0
tfidf_990,0
tfidf_993,0
tfidf_994,0
tfidf_995,0
tfidf_998,0
tfidf_974,0
tfidf_970,0
tfidf_2,0
tfidf_957,0
tfidf_90,0
brand_encoded,0
unit_encoded,0
tfidf_89,0
tfidf_88,0
tfidf_953,0
tfidf_959,0
tfidf_969,0
has_unit,0
tfidf_961,0
tfidf_963,0
tfidf_965,0
tfidf_966,0
tfidf_86,0
tfidf_95,0
tfidf_882,0
tfidf_881,0
tfidf_807,0
tfidf_793,0
tfidf_795,0
tfidf_797,0
tfidf_799,0
tfidf_800,0
tfidf_804,0
tfidf_809,0
tfidf_790,0
tfidf_811,0
tfidf_817,0
tfidf_818,0
tfidf_825,0
tfidf_826,0
tfidf_827,0
tfidf_791,0
tfidf_789,0
tfidf_880,0
tfidf_772,0
tfidf_765,0
tfidf_766,0
tfidf_767,0
tfidf_768,0
tfidf_770,0
tfidf_771,0
tfidf_777,0
tfidf_786,0
tfidf_778,0
tfidf_779,0
tfidf_780,0
tfidf_782,0
tfidf_783,0
tfidf_784,0
tfidf_828,0
tfidf_831,0
tfidf_832,0
tfidf_868,0
tfidf_858,0
tfidf_97,0
tfidf_861,0
tfidf_863,0
tfidf_865,0
tfidf_867,0
tfidf_870,0
tfidf_833,0
tfidf_872,0
tfidf_874,0
tfidf_875,0
tfidf_876,0
tfidf_878,0
tfidf_879,0
tfidf_857,0
tfidf_855,0
tfidf_854,0
tfidf_853,0
tfidf_852,0
tfidf_851,0
tfidf_850,0
tfidf_848,0
tfidf_845,0
tfidf_844,0
tfidf_843,0
tfidf_841,0
tfidf_839,0
tfidf_838,0
tfidf_836,0
tfidf_835,0
tfidf_834,0
tfidf_678,0
tfidf_568,0
tfidf_676,0
tfidf_274,0
tfidf_317,0
tfidf_319,0
tfidf_63,0
tfidf_321,0
tfidf_322,0
tfidf_323,0
tfidf_325,0
tfidf_326,0
tfidf_62,0
tfidf_332,0
tfidf_59,0
tfidf_335,0
tfidf_336,0
tfidf_337,0
tfidf_338,0
tfidf_339,0
tfidf_58,0
tfidf_315,0
tfidf_314,0
tfidf_312,0
tfidf_290,0
tfidf_277,0
tfidf_278,0
tfidf_279,0
tfidf_284,0
tfidf_285,0
tfidf_286,0
tfidf_287,0
tfidf_291,0
tfidf_310,0
tfidf_292,0
tfidf_125,0
tfidf_298,0
tfidf_306,0
tfidf_307,0
tfidf_308,0
tfidf_309,0
tfidf_123,0
tfidf_343,0
tfidf_344,0
tfidf_116,0
tfidf_387,0
tfidf_388,0
tfidf_389,0
tfidf_391,0
tfidf_392,0
tfidf_393,0
tfidf_394,0
tfidf_396,0
tfidf_384,0
tfidf_397,0
tfidf_398,0
tfidf_399,0
tfidf_400,0
tfidf_402,0
tfidf_403,0
tfidf_405,0
tfidf_386,0
tfidf_52,0
tfidf_345,0
tfidf_57,0
tfidf_122,0
tfidf_347,0
tfidf_348,0
tfidf_349,0
tfidf_350,0
tfidf_351,0
tfidf_352,0
tfidf_358,0
tfidf_117,0
tfidf_118,0
tfidf_369,0
tfidf_371,0
tfidf_54,0
tfidf_53,0
tfidf_377,0
tfidf_380,0
tfidf_127,0
tfidf_268,0
tfidf_671,0
tfidf_267,0
tfidf_76,0
tfidf_131,0
tfidf_169,0
tfidf_171,0
tfidf_173,0
tfidf_174,0
tfidf_176,0
tfidf_178,0
tfidf_179,0
tfidf_183,0
tfidf_184,0
tfidf_185,0
tfidf_189,0
tfidf_193,0
tfidf_129,0
tfidf_195,0
tfidf_196,0
tfidf_165,0
tfidf_164,0
tfidf_160,0
tfidf_147,0
tfidf_138,0
tfidf_140,0
tfidf_141,0
tfidf_142,0
tfidf_143,0
tfidf_78,0
tfidf_135,0
tfidf_148,0
tfidf_159,0
tfidf_134,0
tfidf_151,0
tfidf_133,0
tfidf_154,0
tfidf_156,0
tfidf_157,0
tfidf_158,0
tfidf_74,0
tfidf_198,0
tfidf_200,0
tfidf_243,0
tfidf_229,0
tfidf_234,0
tfidf_235,0
tfidf_236,0
tfidf_239,0
tfidf_241,0
tfidf_242,0
tfidf_246,0
tfidf_226,0
tfidf_249,0
tfidf_69,0
tfidf_252,0
tfidf_256,0
tfidf_259,0
tfidf_261,0
tfidf_264,0
tfidf_128,0
tfidf_225,0
tfidf_201,0
tfidf_212,0
tfidf_202,0
tfidf_203,0
tfidf_204,0
tfidf_205,0
tfidf_206,0
tfidf_207,0
tfidf_208,0
tfidf_213,0
tfidf_224,0
tfidf_214,0
tfidf_215,0
tfidf_218,0
tfidf_219,0
tfidf_220,0
tfidf_221,0
tfidf_73,0
tfidf_406,0
tfidf_407,0
tfidf_408,0
tfidf_411,0
tfidf_580,0
tfidf_581,0
tfidf_37,0
tfidf_585,0
tfidf_107,0
tfidf_590,0
tfidf_591,0
tfidf_593,0
tfidf_594,0
tfidf_35,0
tfidf_597,0
tfidf_599,0
tfidf_34,0
tfidf_602,0
tfidf_33,0
tfidf_604,0
tfidf_32,0
tfidf_38,0
tfidf_577,0
tfidf_575,0
tfidf_559,0
tfidf_545,0
tfidf_546,0
tfidf_547,0
tfidf_550,0
tfidf_551,0
tfidf_555,0
tfidf_556,0
tfidf_560,0
tfidf_108,0
tfidf_561,0
tfidf_564,0
tfidf_565,0
tfidf_566,0
tfidf_137,0
tfidf_569,0
tfidf_572,0
tfidf_106,0
tfidf_105,0
tfidf_612,0
tfidf_661,0
tfidf_646,0
tfidf_648,0
tfidf_650,0
tfidf_653,0
tfidf_103,0
tfidf_659,0
tfidf_660,0
tfidf_662,0
tfidf_643,0
tfidf_663,0
tfidf_664,0
tfidf_27,0
tfidf_666,0
tfidf_668,0
tfidf_669,0
tfidf_670,0
tfidf_644,0
tfidf_642,0
tfidf_614,0
tfidf_627,0
tfidf_618,0
tfidf_619,0
tfidf_620,0
tfidf_621,0
tfidf_622,0
tfidf_624,0
tfidf_626,0
tfidf_629,0
tfidf_641,0
tfidf_28,0
tfidf_635,0
tfidf_636,0
tfidf_637,0
tfidf_638,0
tfidf_639,0
tfidf_640,0
tfidf_543,0
tfidf_539,0
tfidf_538,0
tfidf_448,0
tfidf_439,0
tfidf_440,0
tfidf_441,0
tfidf_442,0
tfidf_444,0
tfidf_445,0
tfidf_446,0
tfidf_46,0
tfidf_434,0
tfidf_451,0
tfidf_452,0
tfidf_455,0
tfidf_456,0
tfidf_457,0
tfidf_458,0
tfidf_461,0
tfidf_47,0
tfidf_433,0
tfidf_45,0
tfidf_421,0
tfidf_413,0
tfidf_115,0
tfidf_415,0
tfidf_416,0
tfidf_417,0
tfidf_419,0
tfidf_420,0
tfidf_422,0
tfidf_432,0
tfidf_423,0
tfidf_424,0
tfidf_426,0
tfidf_427,0
tfidf_428,0
tfidf_429,0
tfidf_431,0
tfidf_462,0
tfidf_465,0
tfidf_536,0
tfidf_523,0
tfidf_507,0
tfidf_512,0
tfidf_514,0
tfidf_515,0
tfidf_517,0
tfidf_519,0
tfidf_109,0
tfidf_525,0
tfidf_505,0
tfidf_526,0
tfidf_527,0
tfidf_528,0
tfidf_529,0
tfidf_531,0
tfidf_532,0
tfidf_535,0
tfidf_506,0
tfidf_111,0
tfidf_470,0
tfidf_481,0
tfidf_471,0
tfidf_472,0
tfidf_43,0
tfidf_476,0
tfidf_477,0
tfidf_479,0
tfidf_480,0
tfidf_482,0
tfidf_502,0
tfidf_485,0
tfidf_489,0
tfidf_491,0
tfidf_492,0
bullet_count,0
tfidf_496,0
tfidf_497,0
value,0
